ProjectName,Build Tools,CI tools,Deployment Automation,Monitoring and Logging,Analyzer,Test
0411tony/Yue,0,0,0,0,0,0
1adrianb/face-alignment,1,1,1,0,0,0
AMinerOpen/prediction_api,0,0,0,0,0,0
ARM-software/ComputeLibrary,1,0,0,0,1,0
AYLIEN/aylien_textapi_csharp,0,0,0,0,0,0
AYLIEN/aylien_textapi_ruby,1,0,0,0,0,1
Accenture/AmpliGraph,1,0,0,0,0,0
AcrylicShrimp/TinNet,1,0,0,0,1,0
AdamStelmaszczyk/gtsa,1,1,0,0,0,0
Adnios/Tensorflow,0,0,0,0,0,0
Aifred-Health/Vulcan,1,1,0,0,0,0
Aifred-Health/Vulcan-Old,0,0,0,0,1,0
AtheMathmo/rusty-machine,0,1,0,0,0,0
Azure/mmlspark,0,0,1,0,0,0
BIMSBbioinfo/maui,1,1,0,0,0,0
BVLC/caffe,1,1,1,0,1,1
BeTomorrow/ReImproveJS,0,1,0,0,0,0
BehaviorTree/BehaviorTree.CPP,1,1,0,0,1,0
BentouDev/Unity3DFramework,0,0,0,0,0,0
Blind-Striker/gender-prediction-turkish,0,1,0,0,0,0
C5T/Current,1,1,0,0,1,1
CBICA/CaPTk,1,1,1,0,1,0
CMU-Perceptual-Computing-Lab/openpose,1,1,0,0,1,0
CPJKU/madmom,1,1,0,0,1,1
ClarityNLP/ClarityNLP,1,1,1,0,0,0
Clustering4Ever/Clustering4Ever,0,0,0,0,0,0
CogComp/lbjava,1,1,0,0,0,1
CrowdTruth/CrowdTruth-core,1,1,0,0,1,0
Cysu/open-reid,1,0,0,0,0,0
DAI-Lab/Copulas,1,1,0,0,0,0
DIVA-DIA/DeepDIVA,1,0,1,0,0,0
DataForScience/RNN,0,0,0,0,0,0
DeNA/ChainerPruner,1,1,1,0,0,0
DeepMLNet/DeepNet,0,1,0,0,0,0
DependableSystemsLab/TensorFI,0,0,0,0,0,0
DigitalSlideArchive/HistomicsTK,1,1,1,0,1,1
DoubangoTelecom/compv,1,0,0,0,1,0
DoubangoTelecom/ultimateALPR-SDK,1,0,0,0,0,0
DreamingRaven/nemesyst,1,0,1,0,0,0
DynaSlum/satsense,1,1,0,0,1,0
Edmonton-School-of-AI/Hello-World-Tensorspace,0,0,0,0,0,0
EducationalTestingService/skll,1,1,0,0,1,0
EdwardRaff/JSAT,1,1,0,0,0,1
EthicallyAI/ethically,1,1,0,0,1,0
Evizero/Augmentor.jl,0,0,0,0,1,0
FidoProject/Fido,1,1,0,0,0,0
Flowx08/artificial_intelligence,1,0,0,0,0,0
FluxML/Flux.jl,0,1,0,0,0,0
FunctionLab/selene,1,1,1,0,0,0
GRAAL-Research/poutyne,1,1,0,0,1,0
GateNLP/gateplugin-LearningFramework,1,1,0,0,0,1
Hironsan/HateSonar,0,0,0,0,0,0
Hourout/tensorcv,1,0,0,0,0,0
Hourout/tensordata,1,0,0,0,0,0
IGITUGraz/L2L,1,0,0,0,0,0
IndicoDataSolutions/Enso,1,0,1,0,0,0
IntelPython/hpat,1,1,0,0,1,0
J535D165/recordlinkage,1,0,0,0,1,0
JiahuiYu/neuralgym,1,0,0,0,0,0
JohnSnowLabs/spark-nlp,1,1,1,0,1,0
JohnVinyard/zounds,1,1,1,0,1,0
Jopepato/SMiLE,0,1,0,0,0,0
Joseph94m/MCMC,0,0,0,0,0,0
JuliaGPU/ArrayFire.jl,0,1,0,0,0,0
JuliaLang/julia,1,0,1,0,1,0
JuliaML/Learn.jl,0,1,0,0,0,0
JuliaML/LearningStrategies.jl,0,1,0,0,1,0
Kashu7100/Qualia2.0,0,0,0,0,0,0
Kitware/SMQTK,1,1,1,0,0,1
Kontikilabs/alter-nlu,0,0,0,0,0,0
KotlinNLP/SimpleDNN,1,1,0,0,0,0
KrakenCL/KrakenKit,0,0,0,0,0,0
KxSystems/nlp,0,1,1,0,0,0
LLNL/lbann,1,1,1,0,0,0
LanguageMachines/frog,0,1,0,0,0,0
LanguageMachines/libfolia,0,1,0,0,0,0
LanguageMachines/timbl,0,1,0,0,0,0
LanguageMachines/ucto,0,1,0,0,0,0
LearnLib/learnlib,1,1,0,0,0,1
M-Nauta/TCDF,0,0,0,0,0,0
Maluuba/nlg-eval,0,1,0,0,0,0
Mariewelt/OpenChem,1,1,1,0,0,0
MattFiler/LegendPlugin,0,0,0,0,0,0
MaxHalford/eaopt,0,1,0,0,1,0
MaxHalford/prince,0,1,0,0,1,0
MisaOgura/flashtorch,1,1,0,0,1,0
Mugen87/yuka,0,1,0,0,1,0
Mylittlerapture/GANLib,0,0,0,0,0,0
NIHOPA/NLPre,0,1,0,0,0,0
NThakur20/DeepLearningWithKeras,0,0,0,0,0,0
NVIDIA/DALI,1,0,1,0,1,1
NVIDIA/DIGITS,1,1,1,0,0,1
Narasimha1997/bzCompute,0,0,0,0,0,0
NervanaSystems/neon,1,0,1,0,1,0
OGFris/GoStats,0,1,0,0,0,0
OlafenwaMoses/ImageAI,0,1,0,0,1,1
OpenANN/OpenANN,1,1,0,0,0,0
OpenMined/PySyft,1,0,1,0,1,0
OpenMined/syft.js,0,0,0,0,1,0
OpenOCL/OpenOCL,0,0,0,0,0,0
OpenSextant/Xponents,1,0,1,0,0,1
OryxProject/oryx,1,1,0,0,0,0
PaddlePaddle/X2Paddle,1,0,0,0,0,0
PeculiarVentures/GammaCV,0,0,0,0,1,0
PetrochukM/PyTorch-NLP,1,1,0,0,1,1
PolyMathOrg/libtensorflow-pharo-bindings,0,0,0,0,0,0
Pseudomanifold/Aleph,1,1,1,0,0,0
QuantGov/quantgov,1,1,0,0,0,0
RGF-team/rgf,1,1,1,0,1,1
RaRe-Technologies/gensim,1,1,1,0,0,1
RasaHQ/rasa_core,1,1,1,0,1,1
Ravaelles/Atlantis,0,0,0,0,0,0
Refefer/Dampr,0,0,0,0,0,0
Revmaker/innatis,1,1,0,0,0,0
RidgeRun/gst-inference,1,0,0,0,0,0
RidgeRun/r2inference,1,0,0,0,0,0
Robbepop/prophet,0,1,0,0,0,0
RootHarold/Lycoris,0,0,0,0,0,0
Rostlab/nalaf,0,1,0,0,1,0
Roulbac/GanSeg,0,0,0,0,0,0
RubixML/RubixML,0,0,0,0,0,0
SAP/machine-learning-dgm,0,0,0,0,0,0
SEPIA-Framework/sepia-assist-server,1,0,0,0,0,0
SGpp/SGpp,1,1,0,0,1,1
SPFlow/SPFlow,1,0,0,0,0,0
SangitaNLP/sangita,0,0,0,0,0,0
SciSharp/SiaNet,1,1,0,0,0,0
SekouD/mlconjug,1,1,0,0,0,0
Sergio0694/NeuralNetwork.NET,0,0,0,0,0,0
SerpentAI/SerpentAI,0,0,0,0,0,0
ShifuML/guagua,1,1,0,0,0,1
SmartDataAnalytics/BioKEEN,1,1,0,0,1,0
SmartDataAnalytics/PyKEEN,1,1,0,0,1,0
StanfordVL/MinkowskiEngine,1,0,0,0,0,0
THUNLP-MT/THUMT,0,0,0,0,0,0
TeamHG-Memex/eli5,1,1,0,0,1,1
TechPrimers/core-nlp-example,1,1,0,0,0,0
Tencent/PocketFlow,0,0,0,0,1,0
Tencent/ncnn,1,1,0,0,1,0
TensorImage/tensorimage,0,0,0,0,0,0
Thenerdstation/mltest,0,1,0,0,0,0
Tw1ddle/needs-ai-lib,0,1,0,0,0,0
Tyill/skynet,1,1,0,0,0,0
VeritasOS/nlp,1,0,0,0,0,0
Waikato/weka-trunk,1,0,0,0,0,1
Waikato/wekaDeeplearning4j,1,1,0,0,0,0
Wason1797/Nn-Learn-Lib,0,0,0,0,0,0
WeBankFinTech/FATE,1,1,1,0,0,0
XiaoMi/mace,1,1,1,0,1,1
Xtra-Computing/thundergbm,1,0,0,0,0,1
YevhenKap/ai,0,0,0,0,0,0
ZhaoJ9014/face.evoLVe.PyTorch,0,0,0,0,0,0
Zulko/easyAI,1,0,0,0,0,0
a2i2/surround,1,0,1,0,1,0
abadojack/whatlanggo,0,1,0,0,0,0
achaiah/pywick,1,0,0,0,0,0
adalca/neuron,0,0,0,0,0,0
adines/DeepClas4Bio,1,0,0,0,0,0
ageitgey/face_recognition,1,0,1,0,0,0
ai-med/quickNAT_pytorch,0,0,0,0,0,0
aiscientist/nlp_ryan,0,0,0,0,0,0
akosiorek/forge,0,0,0,0,0,0
akoury/ml-helper,1,0,0,0,0,0
aksnzhy/xforest,1,0,0,0,1,1
aksnzhy/xlearn,1,1,1,0,1,1
alan-turing-institute/MLJ.jl,0,1,0,0,0,0
alan-turing-institute/skpro,1,1,0,0,1,1
albu/albumentations,1,0,1,0,0,1
alexanderkroner/saliency,0,0,0,0,0,0
alfredfrancis/ai-chatbot-framework,1,1,1,0,0,0
algorithmfoundry/Foundry,1,0,0,0,0,1
alibaba/euler,1,0,0,0,0,1
allenai/allennlp,1,0,1,0,1,1
alvations/wordnet,0,1,0,0,0,0
am1tyadav/Neural-Network-from-Scratch-Python,0,0,0,0,0,0
amadeus4dev/amadeus-java,1,1,0,0,0,0
amadeus4dev/amadeus-node,0,1,0,0,1,0
amadeus4dev/amadeus-python,1,1,0,0,1,0
amadeus4dev/amadeus-ruby,1,1,0,0,1,0
amirjamez/COBAYN,0,0,0,0,0,0
amzn/xfer,1,1,0,0,1,0
analysiscenter/cardio,1,0,0,0,1,0
andriyadi/Maix-LogoClassifier,0,1,0,0,0,0
andriyadi/Maix-SpeechRecognizer,0,1,0,0,0,0
anir16293/Deep-Lesion,0,0,0,0,0,0
annoviko/pyclustering,1,1,0,0,0,0
antoinecarme/pyaf,1,1,0,0,0,0
apache/incubator-mxnet,1,1,1,0,1,1
archilogic-com/3dio-js,0,1,0,0,0,0
arguiot/Neuron,0,1,0,0,0,0
arnaldog12/Deep-Learning,0,0,1,0,0,0
arpieb/corenlp,0,0,0,0,0,0
arraiyopensource/kornia,1,0,1,0,0,0
arthurpaulino/miraiml,1,1,0,0,1,0
arunponnusamy/cvlib,0,0,0,0,0,0
asafschers/scoruby,1,1,0,0,1,0
asdf2014/yuzhouwan,1,1,0,0,0,1
attractivechaos/kann,1,0,0,0,0,0
autonomio/kerasplotlib,1,1,0,0,0,0
avik-pal/DeepLearningBenchmarks,0,0,0,0,0,0
aws/sagemaker-spark,1,0,0,0,0,0
awslabs/sockeye,1,0,1,0,1,1
axa-group/nlp.js,0,1,1,0,1,0
azu/nlp-pattern-match,0,1,0,0,0,0
baidu/Familia,1,1,1,0,0,0
bakercp/ofxDlib,0,1,0,0,0,0
bakwc/JamSpell,1,1,0,0,0,0
bamos/block,0,1,0,0,0,0
bedapudi6788/txt2txt,0,0,0,0,0,0
belskikh/kekas,1,0,0,0,0,0
benedekrozemberczki/EgoSplitting,0,0,0,0,0,0
bgreenwell/pdp,0,0,0,0,1,0
bhargavvader/pycobra,1,1,0,0,0,0
biolab/orange3,1,0,0,0,1,1
biolab/orange3-educational,1,1,0,0,1,0
bizreach/common-ml,1,0,0,0,0,0
bmcfee/muda,1,1,0,0,1,0
bnjmn/weka,1,0,0,0,0,1
bnosac/udpipe,0,0,0,0,0,0
boost-R/gamboostLSS,0,1,0,0,0,0
boost-R/mboost,0,1,0,0,0,0
botkop/scorch,0,0,0,0,0,0
brandonrobertz/SparseLSH,1,0,0,0,0,0
bresan/entity_embeddings_categorical,1,1,0,0,0,0
bsc-wdc/dislib,1,1,1,0,0,0
business-science/timetk,0,1,0,0,0,1
carbonati/browsernn,0,0,0,0,0,0
catboost/catboost,1,1,1,0,1,1
chainer/chainer,1,1,1,0,1,1
chainer/chainercv,1,1,1,0,0,0
chainer/chainerrl,1,1,0,0,0,0
chakki-works/seqeval,0,1,0,0,1,0
chakki-works/sumeval,0,1,0,0,0,0
chartbeat-labs/textacy,1,1,0,0,0,1
cheng-li/pyramid,1,0,0,0,0,1
chiphuyen/lazynlp,0,0,0,0,0,0
chopralab/lemon,1,1,0,0,1,0
chrislit/abydos,1,1,0,0,1,0
chuanqi305/rscnn,1,0,0,0,0,0
cirg-up/cilib,0,0,0,0,0,0
clips/pattern,0,1,0,0,1,1
cloudkj/layer,1,0,1,0,0,0
cltk/cltk,1,1,0,0,1,0
cmusatyalab/openface,1,1,1,0,0,0
cnkuangshi/LightCTR,1,1,0,0,0,0
cod3licious/nlputils,0,0,0,0,0,0
cod3licious/simec,0,0,0,0,0,0
codeplaysoftware/SYCL-DNN,1,1,1,0,1,1
colgreen/sharpneat,0,0,0,0,0,0
colinator/spikeflow,0,0,0,0,0,0
comic/grand-challenge.org,1,0,1,0,1,1
cong/ros_tensorflow,0,0,0,0,0,0
conradsnicta/armadillo-code,0,0,0,0,0,0
cpmech/gosl,0,0,1,0,0,0
crcollins/molml,1,1,0,0,1,0
creme-ml/creme,1,1,0,0,1,1
cschoeller/pycandle,0,0,0,0,0,0
csukuangfj/OpenCNN,1,1,0,0,1,1
csxeba/brainforge,0,0,0,0,0,0
d4l3k/go-bayesopt,0,1,0,0,0,0
danielelic/deep-segmentation,0,0,0,0,0,0
daormar/thot,0,0,0,0,0,0
datamade/usaddress,1,1,0,0,0,0
datquocnguyen/RDRPOSTagger,0,0,0,0,0,0
davisking/dlib,1,1,0,0,1,1
dblalock/bolt,0,0,0,0,0,0
ddbourgin/numpy-ml,1,0,0,0,0,0
deepmind/lab,0,1,0,0,0,1
delph-in/pydmrs,1,0,0,0,0,0
delzac/cntkx,0,0,0,0,0,1
denissimon/prediction-builder,0,0,0,0,0,0
denissimon/prediction-builder-swift,0,0,0,0,0,0
denizyuret/Knet.jl,1,1,0,0,0,0
devmount/GermanWordEmbeddings,0,0,0,0,0,0
dice-group/LIMES,1,1,1,0,0,1
dkpro/dkpro-cassis,1,1,0,0,1,0
dkpro/dkpro-core,1,0,0,0,0,1
dmitryikh/leaves,0,1,0,0,0,0
dmlc/dgl,1,1,0,0,1,1
dmlc/gluon-cv,1,1,0,0,1,0
dmlc/xgboost,1,1,1,0,1,1
dneprDroid/TFSecured,0,0,0,0,0,0
dotnet/infer,0,0,0,0,0,1
dotnet/machinelearning,0,1,0,0,1,1
dotnet/mbmlbook,0,0,0,0,0,0
dssg/triage,1,1,1,0,1,1
eBay/nvidiagpubeat,1,0,0,0,0,0
eantcal/nunn,0,1,0,0,0,0
ebu/benchmarkstt,1,0,1,0,0,1
ecohealthalliance/EpiTator,1,1,0,0,1,0
electronick1/stepist,0,0,0,0,0,0
eliorc/denzel,1,0,1,0,0,0
elki-project/elki,1,1,0,0,0,1
epic-kitchens/epic-lib,1,0,0,0,0,0
epwalsh/nlp-models,1,0,0,0,1,0
eriklindernoren/Keras-GAN,0,0,0,0,0,0
esimov/pigo,1,1,0,0,0,0
espnet/espnet,1,1,1,0,1,1
etaler/Etaler,1,0,1,0,1,0
exectails/Yggdrasil,0,1,0,0,0,1
exelban/tensorflow-cifar-10,0,0,0,0,0,0
explosion/spaCy,1,1,0,0,1,1
explosion/spacy-models,0,0,0,0,1,0
explosion/thinc,1,0,0,0,1,1
fabianmax/ML-Automation,0,0,0,0,0,0
fablabbcn/smartcitizen-iscape-data,1,0,1,0,0,0
facebookresearch/flashlight,1,0,0,0,1,1
facebookresearch/wav2letter,0,0,1,0,1,0
familyld/DeepCF,0,0,0,0,0,0
fastnlp/fastNLP,1,1,0,0,1,0
feedly/transfer-nlp,1,1,0,0,0,0
feifeibear/SWCaffe,1,0,1,0,1,1
fergiemcdowall/search-index,0,1,0,0,0,0
flennerhag/mlens,1,1,0,0,1,0
foo123/FILTER.js,0,0,0,0,0,0
fukatani/stacked_generalization,0,1,0,0,0,0
fukuball/jieba-php,0,1,0,0,0,0
funkey/gunpowder,1,1,1,0,0,0
fwilliams/fml,0,0,0,0,0,0
gao-lab/Cell_BLAST,1,0,0,0,0,0
gojek/feast,1,0,1,0,1,1
golsun/SpaceFusion,0,0,0,0,0,0
google/uis-rnn,0,1,0,0,1,0
google/voice-builder,0,0,1,0,0,0
googleapis/dialogflow-python-client-v2,1,0,0,0,1,0
googleapis/nodejs-dialogflow,0,0,0,0,0,0
googleapis/nodejs-speech,0,0,0,0,0,0
googleapis/nodejs-translate,0,0,0,0,0,0
googleapis/nodejs-vision,0,0,0,0,0,0
gorgonia/gorgonia,0,0,0,0,0,0
gosha20777/keras2cpp,0,1,0,0,0,0
goulu/Goulib,1,1,0,0,0,0
graknlabs/kglib,1,0,0,0,0,0
graphik-team/graal,1,1,0,0,0,1
greyblake/whatlang-rs,0,1,1,0,0,0
gunthercox/ChatterBot,1,1,0,0,1,1
guokr/Caver,1,1,0,0,0,0
harujoh/KelpNet,0,1,0,0,0,0
hav4ik/Hydra,0,0,0,0,0,0
haythamfayek/MatDL,1,0,0,0,0,0
hazimehh/L0Learn,0,1,0,0,0,0
hcmlab/nova,0,0,0,0,0,0
hli1221/imagefusion_deeplearning,0,0,0,0,0,0
hscspring/AIToolBox,0,0,0,0,0,0
huanglianghua/open-vot,0,0,0,0,0,0
huggingface/pytorch-pretrained-BERT,1,0,1,0,1,0
huseinzol05/Malaya,1,1,1,0,0,0
iamDecode/sklearn-pmml-model,1,1,0,0,0,0
ibayer/fastFM,1,1,0,0,0,0
ibnmalik/ibnmalik,0,0,0,0,0,0
ichibod/object-detection-for-coreml,0,0,0,0,0,0
inferno-pytorch/inferno,1,1,0,0,0,0
inspirehep/magpie,0,1,0,0,0,0
intel-analytics/BigDL,1,1,1,0,0,1
intel/MLSL,1,0,0,0,0,0
intel/clDNN,1,0,0,0,0,1
intel/mkl-dnn,1,0,0,0,1,1
intelligo-systems/intelligo,0,0,0,0,1,0
intelligo-systems/neuro.js,0,0,0,0,0,0
iterative/dvc,1,0,1,0,1,1
iver56/audiomentations,0,0,0,0,1,0
jackdh/RasaTalk,0,1,1,0,1,0
james-bowman/nlp,0,1,0,0,0,0
janhuenermann/neurojs,0,0,0,0,0,0
jcarreira/cirrus,1,1,0,0,1,0
jdermody/brightwire,0,0,0,0,0,0
jeeliz/jeelizFaceFilter,0,0,0,0,0,0
jeeliz/jeelizWeboji,0,0,1,0,0,0
jefkine/zeta-learn,1,0,0,0,0,0
jenetics/jenetics,0,1,0,0,0,1
jevois/jevois,1,0,0,0,0,0
jfilter/text-classification-keras,1,1,0,0,0,0
jgreitemann/svm,0,0,0,0,0,0
jmaggio14/imagepypelines,1,1,0,0,1,0
jmschrei/pomegranate,1,1,0,0,0,0
jmwoloso/pychattr,0,0,0,0,0,0
jnbraun/bcnn,0,1,0,0,1,0
johnolafenwa/TorchFusion,0,0,0,0,0,0
johnolafenwa/TorchFusion-Utils,0,0,0,0,0,0
jonghough/jlearn,0,0,0,0,0,0
jpuigcerver/Laia,0,1,1,0,0,0
jtablesaw/tablesaw,1,1,0,0,0,1
jubatus/jubatus,1,1,1,0,0,1
jxx123/fireTS,1,0,0,0,0,0
kakao/n2,1,1,0,0,0,0
kalekiu/easyesn,0,0,0,0,0,0
karolzak/keras-unet,0,0,0,0,0,0
kaushalshetty/FeatureSelectionGA,1,0,0,0,0,0
kavgan/ROUGE-2.0,1,0,0,0,0,0
kavgan/word_cloud,0,0,0,0,0,0
kawatan/Megalopolis,0,0,0,0,0,0
keithjjones/malgazer,0,0,1,0,0,0
kendryte/nncase,1,1,0,0,1,0
kengz/SLM-Lab,0,0,1,0,1,1
kermitt2/delft,0,1,0,0,0,1
koala-ai/tensorflow_nlp,0,0,0,0,0,0
kortirso/elixir_learn_kit,0,0,0,0,0,0
koulanurag/conformal,0,0,0,0,0,0
ku-nlp/jumanpp,1,1,0,0,1,0
kundajelab/dragonn,0,1,1,0,0,0
lRomul/argus,1,0,1,0,0,0
lai-bluejay/diego,0,1,0,0,0,0
lambdaloop/anipose,1,0,0,0,0,0
lambdaofgod/findkit,0,0,0,0,0,0
lang-ai/langai-node,0,1,0,0,0,0
laresbernardo/lares,0,1,0,0,0,0
larq/larq,1,0,0,0,1,0
leopiney/tensor-safe,1,0,0,0,0,0
liashchynskyi/skynet,0,0,0,0,0,0
limbo018/DREAMPlace,1,0,1,0,0,1
linkedin/Avro2TF,1,1,0,0,0,0
lionsoul2014/jcseg,1,0,0,0,0,0
lisitsyn/tapkee,1,0,1,0,1,0
lium-lst/nmtpytorch,1,0,0,0,0,0
liuxiaodong008008/Matrix2,0,0,0,0,0,0
liuxiaodong008008/MatrixLib,0,0,0,0,0,0
liuxiaodong008008/numopt3,0,0,0,0,0,0
liuzl/ling,0,0,0,0,0,0
lixinsu/RCZoo,0,0,0,0,0,0
ljvmiranda921/pyswarms,1,0,0,0,1,1
loginn/ngrams_graphs,0,0,0,0,0,0
logpai/loglizer,0,0,0,0,0,0
lozuwa/impy,0,0,0,0,0,0
lucasrodes/whatstk,1,1,0,0,1,1
luxkun/ReGoap,0,0,0,0,0,0
lzfelix/minuet,0,0,0,0,0,0
m09/syllable-counter,1,0,0,0,0,0
machinelearnjs/machinelearnjs,0,1,1,0,0,0
majianjia/nnom,0,1,0,0,0,0
manuwhs/Trapyng,0,0,0,0,0,0
martinRenou/Odysis,1,0,0,0,0,0
marty1885/tiny-htm,0,0,0,0,0,0
masatoi/cl-random-forest,0,0,0,0,0,0
materialsvirtuallab/megnet,1,0,0,0,1,0
mathetake/gann,0,0,0,0,0,0
mdbloice/Augmentor,1,1,0,0,0,0
medtagger/MedTagger,1,1,1,0,1,0
menpo/menpo,1,1,0,0,1,1
mercury-ml-team/mercury-ml,0,0,0,0,0,0
meshula/OpenSteer,1,1,0,0,0,1
metric-learn/metric-learn,1,1,0,0,1,0
mhjort/aivo,0,0,0,0,0,0
michhar/custom-jupyterhub-linux-vm,0,0,0,0,0,0
microsoft/CNTK,1,0,1,0,1,1
microsoft/CameraTraps,0,0,1,0,1,0
microsoft/ConversationLearner-Models,0,1,0,0,1,0
microsoft/DMTK,0,0,0,0,0,0
microsoft/LightGBM,1,1,0,0,0,1
microsoft/MMdnn,1,1,0,0,0,0
microsoft/NeuronBlocks,0,0,0,0,0,0
microsoft/NimbusML,1,1,1,0,0,0
microsoft/Recognizers-Text,1,1,1,0,1,1
microsoft/dowhy,1,0,0,0,0,0
microsoft/nni,1,0,1,0,1,0
microsoft/onnxconverter-common,1,0,0,0,1,0
microsoft/tensorwatch,0,0,0,0,1,0
mideind/Icegrams,0,1,0,0,0,0
milesgranger/pyrus-nn,1,0,0,0,0,0
mit-nlp/MITIE,1,0,0,0,0,0
mljs/matrix,0,0,0,0,0,0
mlpack/ensmallen,1,1,0,0,0,0
mlpack/mlpack,1,1,0,0,1,1
mlr-org/mlr,0,0,0,0,0,1
mne-tools/mne-cpp,1,0,0,0,1,0
modAL-python/modAL,1,1,0,0,0,0
modelhub-ai/modelhub-engine,1,1,0,0,0,0
modern-fortran/neural-fortran,0,1,0,0,0,0
montanaflynn/stats,1,1,0,0,0,0
montefiore-ai/hypothesis,1,0,0,0,0,0
morinim/vita,0,1,0,0,0,0
mratsim/Arraymancer,0,1,0,0,0,0
mravanelli/pytorch-kaldi,0,0,0,0,0,0
mrdimosthenis/emel,0,0,0,0,0,0
mwydmuch/ViZDoom,1,1,1,0,1,0
mz24cn/clnet,1,0,0,0,0,0
mzed/ofxRapidLib,1,0,0,0,0,0
nanxstats/enpls,0,1,0,0,0,0
nanxstats/protr,0,1,0,0,0,0
naver/claf,1,1,1,0,1,0
neptune-ml/neptune-client,1,1,0,0,1,0
neuronets/nobrainer,1,1,0,0,0,1
nickgillian/grt,1,1,0,0,0,1
nicklhy/DLInfBench,0,0,0,0,0,0
nielstron/quantulum3,0,1,0,0,1,0
niessner/mLib,1,0,0,0,0,0
nilearn/nilearn,1,1,0,0,1,1
nlgranger/SeqTools,1,1,0,0,0,0
nokitjs/nokit,0,1,0,0,0,0
northwesternmutual/ai-challenge,0,1,1,0,1,0
nschaetti/EchoTorch,1,1,0,0,0,0
nyu-mll/jiant,0,0,0,0,1,1
obokaman-com/stock-forecast,1,0,0,0,0,0
ocraft/ocraft-s2client,1,0,0,0,0,1
olami-developers/olami-android-client-sdk,1,0,0,0,0,0
olegtarasov/FastText.NetWrapper,0,0,0,0,0,0
omimo/PyMO,0,0,0,0,0,0
onnx/onnx,1,0,0,0,1,1
onnx/onnx-caffe2,1,1,0,0,0,0
onnx/onnx-tensorflow,1,1,0,0,0,0
onnx/tensorflow-onnx,1,0,0,0,1,0
openAGI/tefla,1,1,0,0,1,0
opencv/dldt,1,1,1,0,1,1
opencv/opencv,1,0,1,0,1,0
openeventdata/mordecai,1,1,0,0,0,0
openml/OpenML,1,1,0,0,0,0
openml/automlbenchmark,0,1,0,0,0,0
openml/openml-python,1,1,0,0,0,1
openml/openml-r,0,1,0,0,1,1
openml/openml-tutorial,0,1,0,0,0,0
openopt/copt,1,1,0,0,1,0
openvenues/libpostal,0,1,0,0,0,1
oracle/Skater,1,1,0,0,0,0
ottogroup/palladium,1,1,1,0,1,1
owulveryck/onnx-go,1,1,0,0,0,0
p-morais/deep-rl,0,0,0,0,0,0
patrickschur/language-detection,0,1,0,0,0,0
patrickschur/stanford-nlp-tagger,0,0,0,0,0,0
patrikhuber/eos,0,1,0,0,1,0
pedrodbs/Aglomera,0,0,0,0,0,1
pemistahl/lingua,0,0,0,0,0,0
perone/medicaltorch,1,0,0,0,0,0
peterbozso/ULIS.NET,0,0,0,0,0,0
pfjaeger/medicaldetectiontoolkit,0,0,0,0,0,0
pfnet-research/chainer-chemistry,1,1,1,0,1,1
pfnet-research/menoh,1,1,0,0,1,0
pfnet-research/menoh-ruby,1,1,1,0,0,0
pfnet-research/node-menoh,0,0,0,0,0,0
pfnet/optuna,1,0,1,0,0,1
picnicml/doddle-model,0,0,0,0,0,0
pixiedust/pixiedust,1,1,0,0,0,0
plstcharles/thelper,1,1,1,0,0,1
possiblecee/UnityVision-iOS,0,0,0,0,0,0
ppplinday/vgg16-by-ARM-Compute-Library,0,0,0,0,0,0
prihoda/golem,0,0,0,0,0,0
primitiv/primitiv,1,1,0,0,0,1
proycon/colibri-core,0,1,0,0,0,0
proycon/foliapy,1,1,0,0,0,0
proycon/pynlpl,1,1,0,0,0,0
proycon/python-timbl,1,0,0,0,0,0
proycon/python-ucto,1,0,0,0,0,0
pytorch/ignite,1,1,0,0,1,1
pytorch/pytorch,1,1,1,0,1,1
pytorch/text,1,0,1,0,1,0
pytorch/tnt,1,1,0,0,0,0
pytorch/translate,0,0,1,0,0,0
pytorch/vision,1,1,1,0,1,1
r9y9/nnmnkwii,1,1,0,0,1,0
raahii/video-gans-evaluation,1,0,1,0,0,0
raamana/neuropredict,1,1,0,0,0,0
rabidgremlin/Mutters,1,1,0,0,0,1
rahul-raj/Deeplearning4J,1,0,0,0,0,0
rai-project/caffe,1,1,0,0,0,0
rai-project/mxnet,1,1,0,0,0,0
rai-project/tensorflow,1,1,0,0,0,0
rasbt/mlxtend,1,1,0,0,1,0
raviqqe/tensorflow-qnd,1,1,0,0,0,0
ray-project/ray,1,1,1,0,1,1
rdk/p2rank,1,1,0,0,0,0
redone17/deep-sensor,0,0,0,0,0,0
reiinakano/scikit-plot,1,1,0,0,0,0
rflamary/POT,1,0,0,0,1,0
rishabhmisra/Product-Catalog-Size-Recommendation-Framework,0,0,0,0,0,0
rlan/notebooks,0,0,1,0,0,0
roberino/linqinfer,0,1,0,0,0,1
root-project/root,1,1,1,0,1,1
rosette-api/nodejs,0,1,0,0,0,0
rosette-api/python,1,1,1,0,0,0
rsokl/MyGrad,1,1,0,0,0,1
rtavenar/tslearn,1,0,0,0,0,0
rutujar/scikit-learn,0,0,0,0,0,0
ryfeus/gcf-packs,0,0,0,0,0,1
sangwook236/SWL,1,1,0,0,1,1
sayaleepote/TextDetect,0,0,0,0,0,0
scikit-learn-contrib/hdbscan,1,1,0,0,0,0
scikit-learn-contrib/imbalanced-learn,1,1,0,0,1,1
scikit-learn-contrib/polylearn,1,1,0,0,0,0
scikit-learn/scikit-learn,1,1,0,0,1,1
scikit-multiflow/scikit-multiflow,1,1,1,0,1,1
sebgao/cTensor,0,0,0,0,0,0
sebig3000/MachineLearning,0,0,0,0,0,0
seetaresearch/Dragon,1,0,1,0,1,0
sekia/Algorithm-LibLinear,0,1,0,0,0,0
sepandhaghighi/pycm,1,1,1,0,1,0
serengil/chefboost,0,0,0,0,0,0
serengil/neural-networks-py,0,0,0,0,0,0
sergeyshilin/kaggle-competitions-framework,0,0,0,0,0,0
sfischer13/python-arpa,1,1,0,0,1,1
shankarj67/Water-classifier-fastai,0,0,0,0,0,0
shawnwun/RNNLG,0,0,0,0,0,0
shi510/mlfe,1,1,1,0,0,0
shibing624/text-classifier,0,0,0,0,0,0
shimat/opencvsharp,0,1,1,0,0,1
shogun-toolbox/shogun,1,1,1,0,1,1
shuguang-52/FDSSC,0,0,0,0,0,0
silvandeleemput/memcnn,1,0,1,0,1,0
sisl/mechamodlearn,0,0,0,0,0,0
skorch-dev/skorch,1,1,1,0,1,0
smistad/FAST,1,0,0,0,1,0
snipsco/snips-nlu,1,1,0,0,1,0
snuspl/cruise,1,0,0,0,0,1
spotify/zoltar,1,1,1,0,1,1
sppp/ConvNetCpp,0,0,0,0,0,0
sraashis/ature,0,0,0,0,0,0
src-d/ml,1,1,1,0,1,0
src-d/modelforge,0,1,1,0,1,0
srohit0/trafficVision,1,0,0,0,0,0
stanfordnlp/CoreNLP,1,1,0,0,0,1
stanfordnlp/stanfordnlp,0,1,0,0,0,0
stevewyl/nlp_toolkit,0,0,0,0,0,0
summit1993/I-am-Super,0,0,0,0,0,0
supervisely/supervisely,1,0,1,0,0,0
symisc/ascii_art,0,0,0,0,0,0
symisc/sod,1,1,0,0,0,0
tangledpath/ruby-fann,1,0,0,0,0,1
tensorflow/addons,0,0,0,0,1,1
tensorflow/cleverhans,1,1,1,0,1,0
tensorflow/privacy,0,0,0,0,0,0
tensorflow/ranking,0,0,0,0,0,0
tensorflow/tensor2tensor,1,1,0,0,1,0
tensorflow/tensorflow,1,1,1,0,1,1
tensorflow/tfjs,1,1,1,0,1,1
tensorflow/tfjs-core,1,0,0,0,0,0
tensorflow/tfjs-data,0,0,0,0,0,0
the-super-toys/glimpse-android,1,0,0,0,1,0
thehyve/tmtk,1,1,0,0,0,0
therfoo/therfoo,0,1,0,0,0,0
thombashi/pytablewriter,1,1,0,0,0,0
thu-ml/zhusuan,1,1,0,0,0,0
thuml/Xlearn,1,0,1,0,1,1
tiny-dnn/tiny-dnn,1,1,1,0,1,0
tkrabel/edaviz,1,0,0,0,0,0
tlemo/darwin,1,0,0,0,1,1
tlverse/tmle3,1,1,0,0,1,1
torchgan/torchgan,1,1,0,0,1,0
triagemd/model-converters,0,1,1,0,1,0
tspooner/rsrl,0,1,0,0,1,0
unageanu/jiji2,1,0,0,0,1,0
unagiootoro/ruby-dnn,1,1,1,0,0,0
undertheseanlp/underthesea,1,1,0,0,0,0
unitn-sml/pyconstruct,1,0,0,0,0,0
usnistgov/jarvis,1,1,0,0,1,0
vacancy/SceneGraphParser,0,0,0,0,0,0
vc1492a/henosis,1,0,1,0,0,0
vdorobantu/lyapy,0,0,0,0,0,0
versilov/matrex,1,1,0,0,0,0
vertexclique/orkhon,0,1,0,0,0,0
vijuSR/face_recognition,0,0,0,0,0,0
vkuznet/TFaaS,1,1,1,0,0,0
vlgiitr/GenZoo,0,0,0,0,0,0
vncorenlp/VnCoreNLP,1,0,0,0,0,0
voyages-sncf-technologies/tock,0,0,0,0,0,0
vzhong/embeddings,1,1,1,0,0,0
vzhou842/profanity-check,0,1,0,0,0,0
watzon/cadmium,0,1,0,0,0,0
webfirmframework/wff,1,1,0,0,0,1
weiHelloWorld/accelerated_sampling_with_autoencoder,1,0,0,0,0,0
weizhenzhao/rasa_nlu,1,1,1,0,1,1
whoisraibolt/LBCNN,0,0,0,0,0,0
williamFalcon/pytorch-lightning,1,0,1,0,1,1
williamSYSU/TextGAN-PyTorch,0,0,0,0,0,0
wkcn/MobulaOP,0,1,0,0,1,0
wmkouw/libTLDA,1,1,0,0,0,0
wq2012/SimpleDER,0,1,0,0,1,0
wujian16/Cornell-MOE,1,1,1,0,0,1
xinjli/pytensor,0,0,0,0,0,0
xmartlabs/Bender,0,1,0,0,0,0
yaph/ipython-notebooks,0,0,0,0,0,0
yasserfarouk/negmas,1,1,0,0,1,1
yasufumy/lineflow,1,1,0,0,1,0
yasufumy/pipelib,1,1,0,0,0,0
yhangf/mimose,0,0,0,0,0,0
yinchuandong/sentiment-analysis,0,0,1,0,0,0
yixuan/MiniDNN,1,0,0,0,0,0
ylongqi/openrec,1,0,0,0,0,0
yooper/php-text-analysis,0,1,0,0,0,0
yoshoku/rumale,1,1,0,0,1,0
ysig/GraKeL,1,1,0,0,0,0
yubin-park/bonsai-dt,0,0,0,0,0,1
yui0/catseye,1,0,0,0,0,0
yxonic/fret,1,1,0,0,0,0
yzhao062/pyod,1,1,0,0,0,1
zalandoresearch/famos,0,0,0,0,0,0
zalandoresearch/flair,0,1,0,0,0,1
zaratsian/Spark,0,0,0,0,0,0
zhanghang1989/PyTorch-Encoding,1,0,1,0,1,0
zhongkaifu/RNNSharp,0,0,0,0,0,0
zhongkaifu/Seq2SeqSharp,0,0,0,0,0,0
